username,user id,access hash,group,group id
Zedesss,433977324,488363875285784819,CoinMarketCap English,1381405351
I_goodluck,1657118926,-7424424013218587460,CoinMarketCap English,1381405351
zhouyiran5299,1783495728,-8307014260146593492,CoinMarketCap English,1381405351
Ba512,1324341273,7913914120651125087,CoinMarketCap English,1381405351
Zero1123456789,764384856,-4853429094197636083,CoinMarketCap English,1381405351
zxkjcz,2110953643,1525201989555715825,CoinMarketCap English,1381405351
Zoyashy,1015609474,-8013649106895118611,CoinMarketCap English,1381405351
zulfigunawan,801273535,210146071847722831,CoinMarketCap English,1381405351
mdzahidul92,2009547154,-4648774326037863699,CoinMarketCap English,1381405351
,1835944597,6330654431463865803,CoinMarketCap English,1381405351
viktorkrolikoff,433584066,-7904468400501540803,CoinMarketCap English,1381405351
Zizou01,1024363524,9110455381987936534,CoinMarketCap English,1381405351
Nazokem,2101630998,258507957049385343,CoinMarketCap English,1381405351
ancha720,2144645138,-5713456208460001586,CoinMarketCap English,1381405351
zakbang,1109423874,-8515475726791576819,CoinMarketCap English,1381405351
Skillx1,1921762320,-8095083715048076078,CoinMarketCap English,1381405351
Zaid_Jaber,1838445162,-2090209995779405081,CoinMarketCap English,1381405351
Molatelo,659940650,8707920874300763078,CoinMarketCap English,1381405351
Andy_ZhaoX,2098541113,-2772582542379855311,CoinMarketCap English,1381405351
,1528905317,657199189463568554,CoinMarketCap English,1381405351
Longzin007,2093856512,-1354058800945205385,CoinMarketCap English,1381405351
Yowis,403771355,-2802508079211926604,CoinMarketCap English,1381405351
,2025726410,2579592457873044089,CoinMarketCap English,1381405351
Zdynkh,1599818603,2104257323195609724,CoinMarketCap English,1381405351
,2013617550,4473022195663469906,CoinMarketCap English,1381405351
ZzNim,1839542033,7953428445211474257,CoinMarketCap English,1381405351
zahid001997,2039820846,-5411452489911914058,CoinMarketCap English,1381405351
zodiaci,371522170,7200133697185140838,CoinMarketCap English,1381405351
naunethe,1434611756,6884964540349074460,CoinMarketCap English,1381405351
zaddinguyen,1990401362,-7941449843802546507,CoinMarketCap English,1381405351
,1112249128,3880954080301895454,CoinMarketCap English,1381405351
Zani_pasha,1528913578,4729214303510828708,CoinMarketCap English,1381405351
zhaoliyang,2123650549,3992667222375450995,CoinMarketCap English,1381405351
zxc9406,2016876448,6265311552813732399,CoinMarketCap English,1381405351
ZM_style13,1273250034,-7967588425589623629,CoinMarketCap English,1381405351
Zarajjg,2064947192,2529445928941240540,CoinMarketCap English,1381405351
mohdzeeshan5611,990465291,-9058489993278523305,CoinMarketCap English,1381405351
Zoe_melina,1817512425,-3625610617419408438,CoinMarketCap English,1381405351
zexkul1,2021065847,-5864172014370414633,CoinMarketCap English,1381405351
Wizardman381,1869849689,3315105001479839596,CoinMarketCap English,1381405351
,2112299150,2795544766342736665,CoinMarketCap English,1381405351
zendegi_zibast13,626551987,2084555900072689915,CoinMarketCap English,1381405351
zarnimyg,1451936154,667990916121784797,CoinMarketCap English,1381405351
SubMODZabbb,1358383694,4935527224440852631,CoinMarketCap English,1381405351
danlyJay,2120548101,-3256243131402531186,CoinMarketCap English,1381405351
Zachlow123,745269773,-723527829603727264,CoinMarketCap English,1381405351
zombiee10000,1492907706,1391402135415042576,CoinMarketCap English,1381405351
,1655516142,5228954710337796632,CoinMarketCap English,1381405351
,2130521610,-8818340481866170014,CoinMarketCap English,1381405351
,1144155694,-3085624923089555693,CoinMarketCap English,1381405351
Zakaryaeee,481968329,2289268149164035987,CoinMarketCap English,1381405351
Zhang_shuhan,2129143208,5048398638268158398,CoinMarketCap English,1381405351
mhdzakiyspt,1108826214,-6005704264943851024,CoinMarketCap English,1381405351
,2125886835,8640031285047422470,CoinMarketCap English,1381405351
Baim_Zonk,1414883001,-557772458679504270,CoinMarketCap English,1381405351
,2007736159,3139428825713519979,CoinMarketCap English,1381405351
,1294307192,-8447915593249340061,CoinMarketCap English,1381405351
zillu,267837798,6096807405353901031,CoinMarketCap English,1381405351
yongzhi97,1084694495,8750129810023592889,CoinMarketCap English,1381405351
Zozo_04,912554219,8166905623379431184,CoinMarketCap English,1381405351
zhaoxueyue1,2026652618,-4311738198481039170,CoinMarketCap English,1381405351
Aman_z_great,1021789122,-3332129584007059695,CoinMarketCap English,1381405351
,2136503531,-6226331419838398399,CoinMarketCap English,1381405351
,1808644902,4680712133530058067,CoinMarketCap English,1381405351
zurihayden05,1949620722,1810868356852973471,CoinMarketCap English,1381405351
,798890417,4961087476911363970,CoinMarketCap English,1381405351
Borysko1061,813504092,-6476927929145169139,CoinMarketCap English,1381405351
,2132394080,4505058926799287103,CoinMarketCap English,1381405351
Jbs_3377,1072574425,4504287159562204107,CoinMarketCap English,1381405351
,540290225,-5363010080280917474,CoinMarketCap English,1381405351
imran890737,1815724120,8271057127000109924,CoinMarketCap English,1381405351
Zotrek,1023628713,-7083822573970510651,CoinMarketCap English,1381405351
,1127840514,-7849270952651666396,CoinMarketCap English,1381405351
Zjynx,1836017364,6756362961900995073,CoinMarketCap English,1381405351
Zartash9,755365927,4757274194048659635,CoinMarketCap English,1381405351
zapped_123,1717835645,7337407313663237733,CoinMarketCap English,1381405351
zabc321,1242163753,381009323811204558,CoinMarketCap English,1381405351
,381920680,-4008546036763939491,CoinMarketCap English,1381405351
Gyeol_zhao,2131568294,-2157922759274621338,CoinMarketCap English,1381405351
Wsx1117,2070857907,-7496846512183344233,CoinMarketCap English,1381405351
zerozhy,512122695,-1877673948914170407,CoinMarketCap English,1381405351
Zaki488,1622227935,2217693124042246934,CoinMarketCap English,1381405351
,2144771104,-6508795416015625634,CoinMarketCap English,1381405351
,944624802,-5551409277898787021,CoinMarketCap English,1381405351
zoyaj93,1663058100,5783475910642504015,CoinMarketCap English,1381405351
zoheir1362,994668015,1053570290112209941,CoinMarketCap English,1381405351
bung_jeck,359926257,7700691355510272285,CoinMarketCap English,1381405351
,2144116217,255464597229613546,CoinMarketCap English,1381405351
zaharaemohammed,2135532856,346134160632114084,CoinMarketCap English,1381405351
Zuliovan_saja,788988416,8969101408908298596,CoinMarketCap English,1381405351
guiguziye,1850574225,-3802571876057036623,CoinMarketCap English,1381405351
Huntervai,1582490568,-1188588293940299290,CoinMarketCap English,1381405351
ZaidGothe,1206568273,8137971480070248862,CoinMarketCap English,1381405351
ZubairZA,2044878556,-4234505798048845017,CoinMarketCap English,1381405351
Zayedmeikala,2060164677,6084998864779288432,CoinMarketCap English,1381405351
,1527310371,8706104361686407975,CoinMarketCap English,1381405351
zcesh2140,2025042901,-7590692691084844377,CoinMarketCap English,1381405351
bg_zh,280042410,572787037233810367,CoinMarketCap English,1381405351
Mekan54,1393005958,1292246574980143380,CoinMarketCap English,1381405351
zeroXnguyen,1927693486,-6064702741165463587,CoinMarketCap English,1381405351
,2076322111,6518649898692334314,CoinMarketCap English,1381405351
Zline5,1340718483,-1954040660506216126,CoinMarketCap English,1381405351
ZAbdullahpour,2068330916,7085346100601254578,CoinMarketCap English,1381405351
tofigh_z420r,282821061,-7109051832080918311,CoinMarketCap English,1381405351
rayzulu89,941362062,-7460082582327829779,CoinMarketCap English,1381405351
zuminz,934283669,-6278227564354440976,CoinMarketCap English,1381405351
Zachary9588,924746920,-5371169841127395020,CoinMarketCap English,1381405351
zahid_Amin,2081815246,1015539055789326132,CoinMarketCap English,1381405351
Syedzaib11,804967913,8395119154246896159,CoinMarketCap English,1381405351
,958914177,7559310065737862603,CoinMarketCap English,1381405351
Evil_GrandMa,1782219373,1822385104670188273,CoinMarketCap English,1381405351
andrey_xss,1197212206,3893680396374989004,CoinMarketCap English,1381405351
,1766862154,703392054713369751,CoinMarketCap English,1381405351
zankho2kids,967087290,-5658586925177546254,CoinMarketCap English,1381405351
zubova18adelin,2067506590,5391000953967645198,CoinMarketCap English,1381405351
Roja_zz,1950421530,9057827641090557514,CoinMarketCap English,1381405351
A_zxon9,484629026,755607273671404715,CoinMarketCap English,1381405351
naranzus,1160609738,-6924447154060447057,CoinMarketCap English,1381405351
ZIRAGWAJA,933452246,6665614027401889688,CoinMarketCap English,1381405351
marketexample,1919398738,1163823689080619291,CoinMarketCap English,1381405351
,2108323986,1089766399223861184,CoinMarketCap English,1381405351
mrzola88,1061913696,-1453030729765617363,CoinMarketCap English,1381405351
zimmermanngermany,169547879,1157816270888203058,CoinMarketCap English,1381405351
VeterRUTV,1796142864,3109303693450788475,CoinMarketCap English,1381405351
lancelotdang,1967014157,-3156113858422163630,CoinMarketCap English,1381405351
t1236699,2051065489,2084094797768458459,CoinMarketCap English,1381405351
shinichi_kudo_zq,1880985595,2703599310176712651,CoinMarketCap English,1381405351
Ramazan15830,458182938,3041133006817606525,CoinMarketCap English,1381405351
BBNN_ZE,498590762,212350123148077065,CoinMarketCap English,1381405351
zero000021,1869087225,2647523312100807694,CoinMarketCap English,1381405351
HumairaIqra,1618648717,-1101577806965737884,CoinMarketCap English,1381405351
zakozak9,2109032715,6777839950001346616,CoinMarketCap English,1381405351
zTerminator,810806490,-527353672213619155,CoinMarketCap English,1381405351
realZak_Bagans,2068350531,-4284459285498194291,CoinMarketCap English,1381405351
zadahmedd,1524635533,-239490761042949998,CoinMarketCap English,1381405351